customer_fname,customer_lname
Yvette,Miller
Michelle,Macdonald
Daniel,Young
Bradley,Henry
Amanda,Garcia
Richard,West
Jeffrey,Stewart
Kelly,Beasley
Greg,Carter
Julia,Wood
Tanya,Maxwell
Jasmin,Robertson
Veronica,Cole
Rachel,Santiago
Lauren,Williams
Michael,Johnston
Adam,Alexander
Ashley,Park
Kelly,Turner
Darren,Miller
Thomas,Brown
Alan,Terry
Karen,Stark
Christian,Glover
Michelle,Jenkins
Barbara,Wagner
Kimberly,Henderson
Bianca,Harris
Paula,Maddox
Blake,Lopez
Richard,Taylor
Alyssa,Jackson
Carl,Williams
Jason,Coleman
Stephen,Thompson
Sara,Fitzgerald
Lisa,Conrad
Anthony,Gibson
Mark,Bradley
Andrew,Johnson
Jennifer,Baird
Jeffery,Clark
Sandra,Rhodes
Christopher,Marquez
Sandra,Duke
Elizabeth,Young
Lisa,Johnson
Daniel,Patterson
Audrey,Ross
Jason,Perez
Madison,Raymond
Matthew,Hudson
Roberto,Wilson
Carmen,Herman
Keith,Griffith
Connie,Mullen
Jennifer,Gilmore
Christopher,Brown
Leslie,West
Alfred,Hutchinson
Kenneth,Meza
Caleb,Phillips
Sharon,Sanders
Jason,Tucker
Shannon,Hall
Timothy,Pierce
Morgan,Moore
Teresa,Martinez
Ryan,Gomez
Ronnie,White
David,Christensen
Julian,Reese
Robert,Irwin
Sylvia,Cochran
Jennifer,Schwartz
Jaime,Patel
Latoya,Todd
Jeffrey,Kennedy
John,Smith
Brandon,West
James,Browning
Eddie,Franklin
Jason,Stevens
Nicholas,Jackson
Heather,Cruz
Harold,Mcclain
Robert,Bryant
Joanne,Colon
Kathleen,Clarke
Grace,Perkins
Thomas,Morris
Samantha,Carlson
Ronald,Berry
Paula,Alexander
Christopher,Martinez
Heather,Williams
Zachary,Riddle
Stephanie,Palmer
Jason,Ryan
Christopher,Day
